Income,More than one year,Six to twelve months,Four to five months,Two to three months,Up to one month,None of the above,I'm not sure
"Under \$125,000",0.27439024390243905,0.2073170731707317,0.042682926829268296,0.09146341463414634,0.042682926829268296,0.054878048780487805,0.16463414634146342
"\$125,000 to under \$2 million",0.34782608695652173,0.22981366459627328,0.12422360248447205,0.13043478260869565,,0.018633540372670808,0.08695652173913043
\$2 million to under \$30 million,0.46875,0.15625,0.09375,0.0625,,,0.09375
\$30 million or more,0.75,,,,,,0.25
