Income,Substantial cuts,Moderate cuts,Small cuts,Same level of services,Small increases,Moderate increases,Substantial increases
"Under \$125,000",0.3895216400911162,0.1845102505694761,0.11617312072892938,0.17312072892938496,0.02733485193621868,0.05694760820045558,0.05239179954441914
"\$125,000 to under \$2 million",0.22527472527472528,0.19230769230769232,0.1346153846153846,0.22527472527472528,0.07142857142857142,0.0989010989010989,0.0521978021978022
\$2 million to under \$30 million,0.14018691588785046,0.17757009345794392,0.19626168224299065,0.27102803738317754,0.056074766355140186,0.102803738317757,0.056074766355140186
\$30 million or more,0.1875,0.25,0.125,0.3125,,,0.125
