Income,More than one year,Six to twelve months,Four to five months,Two to three months,Up to one month,None of the above,I'm not sure
"Under \$125,000",0.22135416666666666,0.2994791666666667,0.1328125,0.2421875,0.10416666666666667,,
"\$125,000 to under \$2 million",0.17897727272727273,0.3125,0.23579545454545456,0.2159090909090909,0.056818181818181816,,
\$2 million to under \$30 million,0.34285714285714286,0.21904761904761905,0.18095238095238095,0.23809523809523808,0.01904761904761905,,
\$30 million or more,0.18181818181818182,0.45454545454545453,0.09090909090909091,0.2727272727272727,,,
