# paid staff,Substantial cuts,Moderate cuts,Small cuts,Same level of services,Small increases,Moderate increases,Substantial increases
No paid staff,0.49327354260089684,0.10762331838565023,0.14349775784753363,0.17488789237668162,0.017937219730941704,0.017937219730941704,0.04484304932735426
1-5 staff,0.26153846153846155,0.2205128205128205,0.12051282051282051,0.2,0.04871794871794872,0.09487179487179487,0.05384615384615385
6-10 staff,0.21621621621621623,0.24324324324324326,0.08108108108108109,0.17117117117117117,0.09009009009009009,0.13513513513513514,0.06306306306306306
11-20 staff,0.25609756097560976,0.17073170731707318,0.1951219512195122,0.18292682926829268,0.08536585365853659,0.06097560975609756,0.04878048780487805
21-50 staff,0.11594202898550725,0.21739130434782608,0.11594202898550725,0.30434782608695654,0.057971014492753624,0.11594202898550725,0.07246376811594203
More than 50 staff,0.15789473684210525,0.14035087719298245,0.19298245614035087,0.3684210526315789,0.017543859649122806,0.05263157894736842,0.07017543859649122
