# volunteers,More than one year,Six to twelve months,Four to five months,Two to three months,Up to one month,None of the above,I'm not sure
1-5 volunteers,0.2,0.25333333333333335,0.13333333333333333,0.06666666666666667,0.05333333333333334,0.013333333333333334,0.13333333333333333
6-10 volunteers,0.27848101265822783,0.24050632911392406,0.0759493670886076,0.11392405063291139,0.02531645569620253,0.0379746835443038,0.1518987341772152
11-20 volunteers,0.45901639344262296,0.14754098360655737,0.08196721311475409,0.06557377049180328,0.01639344262295082,0.03278688524590164,0.11475409836065574
21-50 volunteers,0.3064516129032258,0.25806451612903225,0.016129032258064516,0.1774193548387097,,0.06451612903225806,0.0967741935483871
More than 50 volunteers,0.375,0.19642857142857142,0.10714285714285714,0.125,,0.03571428571428571,0.07142857142857142
