# volunteers,Substantial cuts,Moderate cuts,Small cuts,Same level of services,Small increases,Moderate increases,Substantial increases
1-5 volunteers,0.25821596244131456,0.20187793427230047,0.1267605633802817,0.2347417840375587,0.04225352112676056,0.0892018779342723,0.046948356807511735
6-10 volunteers,0.25906735751295334,0.20725388601036268,0.13989637305699482,0.20725388601036268,0.05181347150259067,0.09326424870466321,0.04145077720207254
11-20 volunteers,0.3879781420765027,0.18032786885245902,0.14207650273224043,0.12568306010928962,0.03278688524590164,0.060109289617486336,0.07103825136612021
21-50 volunteers,0.3793103448275862,0.20689655172413793,0.07758620689655173,0.1896551724137931,0.034482758620689655,0.0603448275862069,0.05172413793103448
More than 50 volunteers,0.2781954887218045,0.15789473684210525,0.15037593984962405,0.21052631578947367,0.06766917293233082,0.05263157894736842,0.08270676691729323
