# volunteers,More than one year,Six to twelve months,Four to five months,Two to three months,Up to one month,None of the above,I'm not sure
1-5 volunteers,0.18518518518518517,0.2751322751322751,0.1746031746031746,0.2804232804232804,0.08465608465608465,,
6-10 volunteers,0.20540540540540542,0.33513513513513515,0.1891891891891892,0.2,0.07027027027027027,,
11-20 volunteers,0.2222222222222222,0.30864197530864196,0.1728395061728395,0.19753086419753085,0.09876543209876543,,
21-50 volunteers,0.22522522522522523,0.2702702702702703,0.1981981981981982,0.26126126126126126,0.04504504504504504,,
More than 50 volunteers,0.20512820512820512,0.2564102564102564,0.2222222222222222,0.27350427350427353,0.042735042735042736,,
